Factor1,Factor2,Yield
A,X,13.248690727326483
A,Y,8.776487172699849
A,X,8.943656495473089
A,Y,7.854062755687659
B,X,11.730815258649358
B,Y,5.396922606239435
B,X,13.48962352843296
B,Y,8.477586198209794
