Row,Column,Yield
Row1,Col1,13.248690727326483
Row2,Col1,8.776487172699849
Row3,Col1,8.943656495473089
Row1,Col2,7.854062755687659
Row2,Col2,11.730815258649358
Row3,Col2,5.396922606239435
Row1,Col3,13.48962352843296
Row2,Col3,8.477586198209794
Row3,Col3,10.638078192114197
