Block,Treatment,Yield
Block1,B,13.48962352843296
Block1,A,8.477586198209794
Block1,A,10.638078192114197
Block1,B,9.50125924904518
Block1,B,12.924215874089949
Block2,A,5.879718581004692
Block2,A,9.355165591972986
Block2,B,9.23189129066317
Block2,A,12.267538884670875
Block2,B,7.800217465371938
Block3,A,9.655143584899129
Block3,C,8.244283164157256
Block3,B,10.084427493431185
Block3,C,11.165630427431644
Block3,A,7.7987616455741575
