WholePlot,SubPlot,Treatment,Yield
W1,S1,B,13.165504601651353
W1,S2,A,7.909706339370151
W1,S3,A,10.515187031014126
W2,S1,B,6.081210807767359
W2,S2,B,6.984384685121272
W2,S3,A,9.36941586216749
W3,S1,A,11.716357718963161
W3,S2,B,10.142685982659751
W3,S3,A,5.415381446410313
